EXPOCODE,Cruise_ID,Station_ID,Cast_number,Niskin_ID,Year_UTC,Month_UTC,Day_UTC,Time_UTC,Latitude,Longitude,CTDPRES,Depth,CTDTEMP_ITS90,CTDSAL_PSS78,DIC,DIC_flag,TA,TA_flag,Silicate,Silicate_flag,Phosphate,Phosphate_flag,Nitrate,Nitrate_flag,Nitrite,Nitrite_flag,Nitrate_and_Nitrite,Nitrate_and_Nitrite_flag,Ammonium,Ammonium_flag,pH_initial_talk
06SN20201204,SO279,1,1,1,2020,12,8,08:00:00,47.25138888888889,-10.176388888888887,4422.328846153848,4340.435346153845,2.484317307692308,34.90321634615383,2207.76189532803,2.0,2357.6514926983746,2.0,45.34547599700731,2.0,1.5202247243410023,2.0,22.56798753163211,2.0,0.0087902489682422,2.0,22.576777780600352,2.0,0.1382022476673638,2.0,7.829442371679075
06SN20201204,SO279,1,1,2,2020,12,8,08:00:00,47.25138888888889,-10.176388888888887,4423.079169491526,4341.164508474574,2.484124576271187,34.90333644067796,-999.0,-999.0,-999.0,-999.0,-999.0,-999.0,-999.0,-999.0,-999.0,-999.0,-999.0,-999.0,-999.0,-999.0,-999.0,-999.0,-999.0
06SN20201204,SO279,1,1,3,2020,12,8,08:00:00,47.25138888888889,-10.176388888888887,4263.232243532919,4185.760879315676,2.4852308152118088,34.90544289395042,-999.0,-999.0,-999.0,-999.0,-999.0,-999.0,-999.0,-999.0,-999.0,-999.0,-999.0,-999.0,-999.0,-999.0,-999.0,-999.0,-999.0
06SN20201204,SO279,1,1,4,2020,12,8,08:00:00,47.25138888888889,-10.176388888888887,4072.005761904762,3999.7611666666658,2.499164285714285,34.90911904761906,-999.0,-999.0,-999.0,-999.0,-999.0,-999.0,-999.0,-999.0,-999.0,-999.0,-999.0,-999.0,-999.0,-999.0,-999.0,-999.0,-999.0
06SN20201204,SO279,1,1,5,2020,12,8,08:00:00,47.25138888888889,-10.176388888888887,4070.406409090909,3998.204522727272,2.4994750000000003,34.909196590909104,-999.0,-999.0,-999.0,-999.0,-999.0,-999.0,-999.0,-999.0,-999.0,-999.0,-999.0,-999.0,-999.0,-999.0,-999.0,-999.0,-999.0
06SN20201204,SO279,1,1,6,2020,12,8,08:00:00,47.25138888888889,-10.176388888888887,3548.458050701836,3489.460932883317,2.6064669287412983,34.922463026386524,2201.203896954566,2.0,2350.526132210541,2.0,43.56385280022519,2.0,1.4894376181585374,2.0,22.341075932175382,2.0,0.0102551442561735,2.0,22.351331076431563,2.0,0.1372235969516554,2.0,7.825141107579683
06SN20201204,SO279,1,1,7,2020,12,8,08:00:00,47.25138888888889,-10.176388888888887,2525.666199122125,2489.473221217884,3.195983921065345,34.955607659115735,2190.3538845707635,2.0,2339.899433428958,2.0,35.48681126332424,2.0,1.405408597988815,2.0,21.07429237484548,2.0,0.0117198771201291,2.0,21.08601225196561,2.0,0.115245458347936,2.0,7.826866666061008
06SN20201204,SO279,1,1,8,2020,12,8,08:00:00,47.25138888888889,-10.176388888888887,1516.7053239472891,1498.435973130156,5.4958673034452445,35.16687569383085,2166.286320473316,2.0,2310.394565257378,2.0,14.015267929800595,2.0,1.001404442571713,3.0,14.380968528282416,3.0,0.0624962304481614,3.0,14.44346475873058,2.0,0.4540741743499235,3.0,7.814022735142771
06SN20201204,SO279,1,1,9,2020,12,8,08:00:00,47.25138888888889,-10.176388888888887,881.9682664104103,872.7622730632754,9.494242785334158,35.59715712596085,2194.5477899421726,2.0,2349.690706507768,2.0,10.052341624639736,2.0,1.0938236261625467,2.0,17.67005931027957,2.0,0.0102500205932232,2.0,17.680309330872795,2.0,0.1176311887127057,2.0,7.831695683478255
06SN20201204,SO279,1,1,10,2020,12,8,08:00:00,47.25138888888889,-10.176388888888887,535.0038436343164,529.8208206985321,10.911860993079,35.55481377353945,2196.5654568484806,2.0,2351.7818041088985,2.0,8.337921096888895,2.0,0.8805531939344085,3.0,13.997086135955154,3.0,0.0131790112174218,2.0,14.010265147172577,2.0,0.2582109975561541,2.0,7.836610677214598
06SN20201204,SO279,1,1,11,2020,12,8,08:00:00,47.25138888888889,-10.176388888888887,300.52153124999995,297.80365625,11.555364062499995,35.532046875000006,-999.0,-999.0,-999.0,-999.0,-999.0,-999.0,-999.0,-999.0,-999.0,-999.0,-999.0,-999.0,-999.0,-999.0,-999.0,-999.0,-999.0
06SN20201204,SO279,1,1,12,2020,12,8,08:00:00,47.25138888888889,-10.176388888888887,225.25994524261307,223.25889021415028,11.865961588506394,35.562849132556245,-999.0,-999.0,-999.0,-999.0,-999.0,-999.0,-999.0,-999.0,-999.0,-999.0,-999.0,-999.0,-999.0,-999.0,-999.0,-999.0,-999.0
06SN20201204,SO279,1,1,13,2020,12,8,08:00:00,47.25138888888889,-10.176388888888887,149.54182,148.24350000000004,12.267224,35.605245000000004,-999.0,-999.0,-999.0,-999.0,-999.0,-999.0,-999.0,-999.0,-999.0,-999.0,-999.0,-999.0,-999.0,-999.0,-999.0,-999.0,-999.0
06SN20201204,SO279,1,1,14,2020,12,8,08:00:00,47.25138888888889,-10.176388888888887,123.73337871674516,122.66625352112663,12.71818298122064,35.62650453834114,2146.5572141556213,2.0,2337.705534175081,2.0,2.552687737580221,2.0,0.5217635165340835,3.0,8.14468456539219,3.0,0.0541775026522761,2.0,8.198862068044466,2.0,0.3182318173809376,2.0,7.915637120905174
06SN20201204,SO279,1,1,15,2020,12,8,08:00:00,47.25138888888889,-10.176388888888887,87.76857821011684,87.01943501945509,13.657859260700407,35.66284715953313,2116.4264658326747,2.0,2345.334385681424,2.0,0.9634550593789616,2.0,1.3597699064993851,3.0,5.65383151359974,3.0,1.082544742503818,2.0,6.73637625610356,3.0,6.756387227448309,3.0,7.98180181662201
06SN20201204,SO279,1,1,16,2020,12,8,08:00:00,47.25138888888889,-10.176388888888887,73.6047647058823,72.97911764705881,13.673941176470588,35.6648955882353,-999.0,-999.0,-999.0,-999.0,-999.0,-999.0,-999.0,-999.0,-999.0,-999.0,-999.0,-999.0,-999.0,-999.0,-999.0,-999.0,-999.0
06SN20201204,SO279,1,1,17,2020,12,8,08:00:00,47.25138888888889,-10.176388888888887,62.266024744027256,61.73834982935136,13.671232124573413,35.66490418088749,2118.041238727092,2.0,2343.470302268652,2.0,0.9414903637640276,2.0,0.2005974803043106,2.0,2.509176754852704,2.0,0.2230487798030899,2.0,2.732225534655794,2.0,0.1268986493409264,2.0,7.982205906825102
06SN20201204,SO279,1,1,18,2020,12,8,08:00:00,47.25138888888889,-10.176388888888887,48.43333333333332,48.02461111111111,13.668793055555556,35.66484166666666,-999.0,-999.0,-999.0,-999.0,-999.0,-999.0,-999.0,-999.0,-999.0,-999.0,-999.0,-999.0,-999.0,-999.0,-999.0,-999.0,-999.0
06SN20201204,SO279,1,1,19,2020,12,8,08:00:00,47.25138888888889,-10.176388888888887,37.1677959677418,36.85496129032261,13.665488064516108,35.66484415322593,2117.265360942988,2.0,2345.798008902465,2.0,0.9331931858730458,2.0,0.1986452022229757,2.0,2.5213786601569845,2.0,0.2259772202192574,2.0,2.747355880376242,2.0,0.1366600899814083,2.0,7.98289937953199
06SN20201204,SO279,1,1,20,2020,12,8,08:00:00,47.25138888888889,-10.176388888888887,23.354617647058816,23.159029411764703,13.664001470588236,35.66477352941176,2117.728279066303,2.0,2344.1050407120965,2.0,0.9331932346857372,2.0,0.221096514284853,2.0,2.6541343149691627,2.0,0.2357386675487505,2.0,2.8898729825179137,2.0,0.1112803648056213,2.0,7.986594084755837
06SN20201204,SO279,1,1,21,2020,12,8,08:00:00,47.25138888888889,-10.176388888888887,16.02685094339624,15.892856603773572,13.661191320754718,35.66476424528307,-999.0,-999.0,-999.0,-999.0,-999.0,-999.0,-999.0,-999.0,-999.0,-999.0,-999.0,-999.0,-999.0,-999.0,-999.0,-999.0,-999.0
06SN20201204,SO279,1,1,22,2020,12,8,08:00:00,47.25138888888889,-10.176388888888887,13.907363636363636,13.791159090909089,13.659981818181816,35.664742045454545,-999.0,-999.0,-999.0,-999.0,-999.0,-999.0,-999.0,-999.0,-999.0,-999.0,-999.0,-999.0,-999.0,-999.0,-999.0,-999.0,-999.0
06SN20201204,SO279,1,1,23,2020,12,8,08:00:00,47.25138888888889,-10.176388888888887,12.88006976744186,12.772232558139535,13.65785348837209,35.66473953488372,-999.0,-999.0,-999.0,-999.0,-999.0,-999.0,-999.0,-999.0,-999.0,-999.0,-999.0,-999.0,-999.0,-999.0,-999.0,-999.0,-999.0
06SN20201204,SO279,1,1,24,2020,12,8,08:00:00,47.25138888888889,-10.176388888888887,13.34220444444444,13.230688888888876,13.659704000000012,35.66470333333331,2118.2705498781,2.0,2342.1794074829504,2.0,0.9453950782237532,2.0,0.1996213665428575,2.0,2.5272357847406264,2.0,0.2250011001864482,2.0,2.752236884927074,2.0,0.1459334684506464,2.0,7.983697157989815
06SN20201204,SO279,3,1,1,2020,12,14,00:24:00,31.280555555555555,-25.00277777777778,5513.78527586207,5406.225948275863,2.47975,34.89201465517242,-999.0,-999.0,-999.0,-999.0,-999.0,-999.0,-999.0,-999.0,-999.0,-999.0,-999.0,-999.0,-999.0,-999.0,-999.0,-999.0,-999.0
06SN20201204,SO279,3,1,2,2020,12,14,00:24:00,31.280555555555555,-25.00277777777778,5511.442749999999,5403.957083333333,2.4793854166666662,34.89199270833334,-999.0,-999.0,-999.0,-999.0,-999.0,-999.0,-999.0,-999.0,-999.0,-999.0,-999.0,-999.0,-999.0,-999.0,-999.0,-999.0,-999.0
06SN20201204,SO279,3,1,3,2020,12,14,00:24:00,31.280555555555555,-25.00277777777778,5277.775548682785,5177.468893756769,2.4513660122699577,34.892512883435074,2197.643157870365,2.0,2349.500810238867,2.0,46.88658304212253,2.0,1.530003798260284,3.0,22.60528114193115,2.0,0.004883510367891,2.0,22.61016465229904,2.0,0.105972174983237,2.0,7.824441910197017
06SN20201204,SO279,3,1,4,2020,12,14,00:24:00,31.280555555555555,-25.00277777777778,4984.455297297299,4892.967486486487,2.425089189189189,34.89391216216217,-999.0,-999.0,-999.0,-999.0,-999.0,-999.0,-999.0,-999.0,-999.0,-999.0,-999.0,-999.0,-999.0,-999.0,-999.0,-999.0,-999.0
06SN20201204,SO279,3,1,5,2020,12,14,00:24:00,31.280555555555555,-25.00277777777778,4530.537031064901,4451.755004431439,2.434591702464368,34.90059348632148,-999.0,-999.0,-999.0,-999.0,-999.0,-999.0,-999.0,-999.0,-999.0,-999.0,-999.0,-999.0,-999.0,-999.0,-999.0,-999.0,-999.0
06SN20201204,SO279,3,1,6,2020,12,14,00:24:00,31.280555555555555,-25.00277777777778,3546.153667259038,3492.191586956532,2.583861778806403,34.925206641593746,2193.256691628071,2.0,2344.8353139616784,2.0,42.58513248794578,2.0,1.4239971369988746,3.0,20.85159593714505,2.5,0.00537173131241,2.0,20.85696766845745,2.0,0.1714070627869015,2.0,7.826992362328928
06SN20201204,SO279,3,1,7,2020,12,14,00:24:00,31.280555555555555,-25.00277777777778,2531.292529184259,2498.55833489876,3.3051144678163737,34.99883738111215,2188.990525169509,2.0,2339.255232123447,2.0,33.88449799543157,2.0,1.4034103448411228,2.0,20.96716540946004,2.0,0.0053714383414239,2.0,20.972536847801457,2.0,0.1464937729479251,2.0,7.828742311212326
06SN20201204,SO279,3,1,8,2020,12,14,00:24:00,31.280555555555555,-25.00277777777778,2022.7378409090911,1999.100272727272,4.092020454545455,35.07765568181817,2170.0626699705363,2.0,2323.2914633923474,2.0,17.630472854652645,2.0,1.114264243895016,3.0,16.51620861075763,3.0,0.0043945566148357,3.0,16.520603167372467,2.0,0.1816416734132103,2.0,7.833929075909239
06SN20201204,SO279,3,1,9,2020,12,14,00:24:00,31.280555555555555,-25.00277777777778,2021.6928863636365,1998.0724772727265,4.096020454545455,35.078772727272735,-999.0,-999.0,-999.0,-999.0,-999.0,-999.0,-999.0,-999.0,-999.0,-999.0,-999.0,-999.0,-999.0,-999.0,-999.0,-999.0,-999.0
06SN20201204,SO279,3,1,10,2020,12,14,00:24:00,31.280555555555555,-25.00277777777778,2019.91569047619,1996.3243095238088,4.109646428571429,35.07989642857143,-999.0,-999.0,-999.0,-999.0,-999.0,-999.0,-999.0,-999.0,-999.0,-999.0,-999.0,-999.0,-999.0,-999.0,-999.0,-999.0,-999.0
06SN20201204,SO279,3,1,11,2020,12,14,00:24:00,31.280555555555555,-25.00277777777778,2017.721095238096,1994.165547619048,4.117629761904762,35.08058333333332,-999.0,-999.0,-999.0,-999.0,-999.0,-999.0,-999.0,-999.0,-999.0,-999.0,-999.0,-999.0,-999.0,-999.0,-999.0,-999.0,-999.0
06SN20201204,SO279,3,1,12,2020,12,14,00:24:00,31.280555555555555,-25.00277777777778,1507.7148188386095,1491.7092457211224,6.228604381254132,35.33264778619152,-999.0,-999.0,-999.0,-999.0,-999.0,-999.0,-999.0,-999.0,-999.0,-999.0,-999.0,-999.0,-999.0,-999.0,-999.0,-999.0,-999.0
06SN20201204,SO279,3,1,13,2020,12,14,00:24:00,31.280555555555555,-25.00277777777778,754.6200415534025,747.9960855145578,10.823087196116536,35.577941320388284,2192.025628319953,2.0,2344.5056330199977,2.0,11.972682546405192,2.0,1.1836501763232334,3.0,18.60746887496672,3.0,0.0131787854683411,2.0,18.62064766043506,2.0,0.2513731302294701,2.0,7.826505298116039
06SN20201204,SO279,3,1,14,2020,12,14,00:24:00,31.280555555555555,-25.00277777777778,401.1425992682461,397.977674754478,14.58102452339687,35.944176237242445,2154.794584339409,2.0,2342.8704854638195,2.0,4.16287878914496,2.0,0.7109734375552933,3.0,12.067029606935382,2.0,0.0082955033894577,2.0,12.075325110324838,2.0,0.0746595305051199,2.0,7.90554058454882
06SN20201204,SO279,3,1,15,2020,12,14,00:24:00,31.280555555555555,-25.00277777777778,211.52778741227087,209.95259904912857,17.456446298392596,36.39329449852836,-999.0,-999.0,-999.0,-999.0,-999.0,-999.0,-999.0,-999.0,-999.0,-999.0,-999.0,-999.0,-999.0,-999.0,-999.0,-999.0,-999.0
06SN20201204,SO279,3,1,16,2020,12,14,00:24:00,31.280555555555555,-25.00277777777778,119.48477500000004,118.62522499999996,19.08538875,36.62205375,-999.0,-999.0,-999.0,-999.0,-999.0,-999.0,-999.0,-999.0,-999.0,-999.0,-999.0,-999.0,-999.0,-999.0,-999.0,-999.0,-999.0
06SN20201204,SO279,3,1,17,2020,12,14,00:24:00,31.280555555555555,-25.00277777777778,98.01872752613228,97.3182975609754,20.26015031358886,36.84031867595823,2127.3142148327124,2.0,2396.5878034839725,2.0,0.8090064669730547,2.0,0.0297464704553081,2.0,1.0928170539400934,2.0,0.0419376468714181,2.0,1.134754700811512,2.0,0.1394670582002975,2.0,8.054005163162842
06SN20201204,SO279,3,1,18,2020,12,14,00:24:00,31.280555555555555,-25.00277777777778,81.87837681159421,81.29672463768118,20.694757971014496,36.92527028985508,-999.0,-999.0,-999.0,-999.0,-999.0,-999.0,-999.0,-999.0,-999.0,-999.0,-999.0,-999.0,-999.0,-999.0,-999.0,-999.0,-999.0
06SN20201204,SO279,3,1,19,2020,12,14,00:24:00,31.280555555555555,-25.00277777777778,65.40679985549117,64.94454190751455,20.69846051300577,36.92720791184978,2116.2509110369274,2.0,2412.1091405857487,2.0,0.5217487796024738,2.0,0.0097523136374294,2.0,0.0117027763649152,2.0,0.0112151606830438,2.0,0.022917937047959,2.0,0.1594503279719709,2.0,8.099522551217657
06SN20201204,SO279,3,1,20,2020,12,14,00:24:00,31.280555555555555,-25.00277777777778,49.51923076923076,49.17138461538462,20.69652051282052,36.92791025641026,-999.0,-999.0,-999.0,-999.0,-999.0,-999.0,-999.0,-999.0,-999.0,-999.0,-999.0,-999.0,-999.0,-999.0,-999.0,-999.0,-999.0
06SN20201204,SO279,3,1,21,2020,12,14,00:24:00,31.280555555555555,-25.00277777777778,37.02916069941728,36.76994587843458,20.692747085761795,36.92795174854291,2113.601212456748,2.0,2414.166465464221,2.0,0.5158971072614388,2.0,0.0043885387196152,2.0,0.0336454635170503,2.0,0.0307197710373067,2.0,0.0643652345543571,3.0,0.6626693466619048,3.0,8.096522770996142
06SN20201204,SO279,3,1,22,2020,12,14,00:24:00,31.280555555555555,-25.00277777777778,23.653052631578944,23.48834210526316,20.687836842105263,36.92766710526317,-999.0,-999.0,-999.0,-999.0,-999.0,-999.0,-999.0,-999.0,-999.0,-999.0,-999.0,-999.0,-999.0,-999.0,-999.0,-999.0,-999.0
06SN20201204,SO279,3,1,23,2020,12,14,00:24:00,31.280555555555555,-25.00277777777778,16.84286944444442,16.725815277777805,20.685325416666696,36.92723298611114,2110.9028545275187,2.0,2416.7699830263805,2.0,0.5236992326062928,2.0,0.0058513880738133,2.0,0.0375464068069688,2.0,0.0141408545117155,2.0,0.0516872613186843,2.0,0.2979331760916619,2.0,8.101696393666634
06SN20201204,SO279,3,1,24,2020,12,14,00:24:00,31.280555555555555,-25.00277777777778,13.412260162601603,13.31916260162602,20.68587906504068,36.92712296747968,2108.26446143321,2.0,2415.08705202637,2.0,0.5280878166838271,2.0,0.010727545675941,2.0,0.0121903928135693,2.0,0.0121903928135693,2.0,0.0243807856271387,2.0,0.1916329750293111,2.0,8.095998364126732
06SN20201204,SO279,4,1,1,2020,12,16,05:17:00,31.03111111111111,-29.53305555555556,4329.604916666667,4256.510708333334,2.4696145833333336,34.905305208333324,2196.3304574866497,2.0,2346.219665939271,2.0,43.75290819290921,2.0,1.4599152505222477,3.0,22.139184464646505,2.0,0.0136736994598015,2.0,22.152858164106306,2.0,0.1352719553701793,2.0,7.830300360210986
06SN20201204,SO279,4,1,2,2020,12,16,05:17:00,31.03111111111111,-29.53305555555556,4329.955933628316,4256.852469026551,2.4677148230088504,34.90517610619467,-999.0,-999.0,-999.0,-999.0,-999.0,-999.0,-999.0,-999.0,-999.0,-999.0,-999.0,-999.0,-999.0,-999.0,-999.0,-999.0,-999.0
06SN20201204,SO279,4,1,3,2020,12,16,05:17:00,31.03111111111111,-29.53305555555556,4095.574710995666,4028.509370663058,2.4944935801911754,34.91018588846269,-999.0,-999.0,-999.0,-999.0,-999.0,-999.0,-999.0,-999.0,-999.0,-999.0,-999.0,-999.0,-999.0,-999.0,-999.0,-999.0,-999.0
06SN20201204,SO279,4,1,4,2020,12,16,05:17:00,31.03111111111111,-29.53305555555556,3867.739066666667,3806.4184888888894,2.517732222222222,34.914798888888896,-999.0,-999.0,-999.0,-999.0,-999.0,-999.0,-999.0,-999.0,-999.0,-999.0,-999.0,-999.0,-999.0,-999.0,-999.0,-999.0,-999.0
06SN20201204,SO279,4,1,5,2020,12,16,05:17:00,31.03111111111111,-29.53305555555556,3866.9037241379306,3805.6035517241385,2.517771551724138,34.91478103448276,-999.0,-999.0,-999.0,-999.0,-999.0,-999.0,-999.0,-999.0,-999.0,-999.0,-999.0,-999.0,-999.0,-999.0,-999.0,-999.0,-999.0
06SN20201204,SO279,4,1,6,2020,12,16,05:17:00,31.03111111111111,-29.53305555555556,3850.521567650954,3789.621465843989,2.520503129131797,34.91517379903062,-999.0,-999.0,-999.0,-999.0,-999.0,-999.0,-999.0,-999.0,-999.0,-999.0,-999.0,-999.0,-999.0,-999.0,-999.0,-999.0,-999.0
06SN20201204,SO279,4,1,7,2020,12,16,05:17:00,31.03111111111111,-29.53305555555556,3813.6310519480494,3753.62983116883,2.5278779220779235,34.916179870129874,-999.0,-999.0,-999.0,-999.0,-999.0,-999.0,-999.0,-999.0,-999.0,-999.0,-999.0,-999.0,-999.0,-999.0,-999.0,-999.0,-999.0
06SN20201204,SO279,4,1,8,2020,12,16,05:17:00,31.03111111111111,-29.53305555555556,3811.1420990099023,3751.2012772277208,2.5277529702970267,34.916170792079214,-999.0,-999.0,-999.0,-999.0,-999.0,-999.0,-999.0,-999.0,-999.0,-999.0,-999.0,-999.0,-999.0,-999.0,-999.0,-999.0,-999.0
06SN20201204,SO279,4,1,9,2020,12,16,05:17:00,31.03111111111111,-29.53305555555556,3807.4625089285714,3747.610892857144,2.529676339285716,34.916359375000006,-999.0,-999.0,-999.0,-999.0,-999.0,-999.0,-999.0,-999.0,-999.0,-999.0,-999.0,-999.0,-999.0,-999.0,-999.0,-999.0,-999.0
06SN20201204,SO279,4,1,10,2020,12,16,05:17:00,31.03111111111111,-29.53305555555556,3392.693459532503,3342.4050950998403,2.6609978177086067,34.93118971920573,-999.0,-999.0,-999.0,-999.0,-999.0,-999.0,-999.0,-999.0,-999.0,-999.0,-999.0,-999.0,-999.0,-999.0,-999.0,-999.0,-999.0
06SN20201204,SO279,4,1,11,2020,12,16,05:17:00,31.03111111111111,-29.53305555555556,2514.428009477638,2482.044933987205,3.2661294284035285,34.98496059988186,2184.737188953435,2.0,2336.0580561847546,2.0,32.91211764387822,2.0,1.354971535497028,2.0,20.493224545774225,2.0,0.0102546695132188,2.0,20.50347921528745,2.0,0.1411237852057271,2.0,7.829546925813586
06SN20201204,SO279,4,1,12,2020,12,16,05:17:00,31.03111111111111,-29.53305555555556,1507.2795464968665,1491.3000661494675,5.987617306305975,35.28012724245639,2178.1999794414005,2.0,2318.8580978358614,2.0,17.36370690683934,2.0,1.1498149460017886,3.0,17.637104979938087,3.0,0.0122052711204797,2.0,17.649310251058566,2.0,0.1625742113247905,2.0,7.82315804561536
06SN20201204,SO279,4,1,13,2020,12,16,05:17:00,31.03111111111111,-29.53305555555556,753.8355161092682,747.2285837927243,10.522661264241066,35.55228676344455,2187.7373967011467,2.0,2342.9602681437823,2.0,11.89920506590957,2.0,1.206797908766618,3.0,19.72559993123052,2.0,0.021965059806626,2.0,19.747564991037144,2.0,0.3494885071454283,2.0,7.8290394423074465
06SN20201204,SO279,4,1,14,2020,12,16,05:17:00,31.03111111111111,-29.53305555555556,395.0160044367756,391.9132086517145,14.303851096869575,35.91113161819076,2162.2444054698603,2.0,2341.075241734531,2.0,4.503592615057984,2.0,0.7176376430429643,3.0,12.334739465903208,2.0,0.0092716718697693,2.0,12.344011137772974,2.0,0.1376111298565772,2.0,7.900129023441014
06SN20201204,SO279,4,1,15,2020,12,16,05:17:00,31.03111111111111,-29.53305555555556,197.6710598244436,196.20540432140504,17.15100355840646,36.34201466576643,-999.0,-999.0,-999.0,-999.0,-999.0,-999.0,-999.0,-999.0,-999.0,-999.0,-999.0,-999.0,-999.0,-999.0,-999.0,-999.0,-999.0
06SN20201204,SO279,4,1,16,2020,12,16,05:17:00,31.03111111111111,-29.53305555555556,89.13178391959786,88.49943989176651,19.67729431774256,36.68155316969455,-999.0,-999.0,-999.0,-999.0,-999.0,-999.0,-999.0,-999.0,-999.0,-999.0,-999.0,-999.0,-999.0,-999.0,-999.0,-999.0,-999.0
06SN20201204,SO279,4,1,17,2020,12,16,05:17:00,31.03111111111111,-29.53305555555556,66.08666699064507,65.62107204470881,20.39694461790792,36.80762338719469,-999.0,-999.0,-999.0,-999.0,-999.0,-999.0,-999.0,-999.0,-999.0,-999.0,-999.0,-999.0,-999.0,-999.0,-999.0,-999.0,-999.0
06SN20201204,SO279,4,1,18,2020,12,16,05:17:00,31.03111111111111,-29.53305555555556,90.51546439845676,89.8729933356716,19.717101122413165,36.68127332514906,2117.4185621610213,2.0,2397.1282575302266,2.0,0.6910772659762082,2.0,0.0139314302589429,2.0,0.4096717737614783,2.0,0.0575491301236361,2.0,0.4672209038851146,2.0,0.2248317710762398,2.0,8.070632073534483
06SN20201204,SO279,4,1,19,2020,12,16,05:17:00,31.03111111111111,-29.53305555555556,64.93666138540904,64.47968459837882,20.45193002947678,36.81176121960208,2109.4040583292744,2.0,2408.5102948114218,2.0,0.5086266358373552,2.0,0.0072052159441196,2.0,0.0497410516351008,2.0,0.0214569242347493,2.0,0.0711979758698502,3.0,0.3808604051668019,2.0,8.092787003487937
06SN20201204,SO279,4,1,20,2020,12,16,05:17:00,31.03111111111111,-29.53305555555556,52.95873626373624,52.58775824175818,20.512548901098896,36.82817087912088,-999.0,-999.0,-999.0,-999.0,-999.0,-999.0,-999.0,-999.0,-999.0,-999.0,-999.0,-999.0,-999.0,-999.0,-999.0,-999.0,-999.0
06SN20201204,SO279,4,1,21,2020,12,16,05:17:00,31.03111111111111,-29.53305555555556,43.154990628253984,42.853491496008246,20.53027696980212,36.83438651509896,2109.288481073812,2.0,2408.729124721612,2.0,0.5149575539049136,2.0,0.0110478126831361,2.0,0.0555920086601895,2.0,0.0287713027276419,2.0,0.0843633113878314,3.0,0.4379089804986859,2.0,8.100950688487043
06SN20201204,SO279,4,1,22,2020,12,16,05:17:00,31.03111111111111,-29.53305555555556,27.89976530612246,27.705989795918367,20.573420408163265,36.8484224489796,-999.0,-999.0,-999.0,-999.0,-999.0,-999.0,-999.0,-999.0,-999.0,-999.0,-999.0,-999.0,-999.0,-999.0,-999.0,-999.0,-999.0
06SN20201204,SO279,4,1,23,2020,12,16,05:17:00,31.03111111111111,-29.53305555555556,20.868643190298528,20.72397294776125,20.57782511660443,36.85064232742525,2105.206328319497,2.0,2409.7038851354523,2.0,0.5344570883166001,2.0,0.0091263440970613,2.0,0.0487643328756021,2.0,0.0336473896841655,2.0,0.0824117225597676,2.0,0.5276300817140158,2.0,8.09829399975292
06SN20201204,SO279,4,1,24,2020,12,16,05:17:00,31.03111111111111,-29.53305555555556,12.54010309278352,12.453541237113395,20.57849278350514,36.85126005154639,2102.69317468305,2.0,2410.650628069477,2.0,0.5490861370135527,3.0,0.0115280083230887,2.0,0.026332727707577,2.0,0.011215791431005,2.0,0.0375485191385821,2.0,0.2716172098726011,2.0,8.101144458863363
06SN20201204,SO279,5,1,1,2020,12,18,11:50:00,31.139166666666668,-34.07083333333333,4434.174696969696,4358.208575757576,2.490069696969697,34.908728787878786,2195.8442484465427,2.0,2347.4276477012327,2.0,43.528646802663154,2.0,1.344946520182574,3.0,18.761733118432893,3.0,0.012208629270955,2.0,18.773941747703844,2.0,0.195826413506119,2.0,7.827366993039361
06SN20201204,SO279,5,1,2,2020,12,18,11:50:00,31.139166666666668,-34.07083333333333,4434.423967741936,4358.451354838709,2.4901693548387103,34.90865806451613,-999.0,-999.0,-999.0,-999.0,-999.0,-999.0,-999.0,-999.0,-999.0,-999.0,-999.0,-999.0,-999.0,-999.0,-999.0,-999.0,-999.0
06SN20201204,SO279,5,1,3,2020,12,18,11:50:00,31.139166666666668,-34.07083333333333,4206.964356117678,4136.96428728887,2.488189961145045,34.91109407659958,-999.0,-999.0,-999.0,-999.0,-999.0,-999.0,-999.0,-999.0,-999.0,-999.0,-999.0,-999.0,-999.0,-999.0,-999.0,-999.0,-999.0
06SN20201204,SO279,5,1,4,2020,12,18,11:50:00,31.139166666666668,-34.07083333333333,3970.7260980392152,3906.787784313725,2.5008362745098043,34.914926470588235,-999.0,-999.0,-999.0,-999.0,-999.0,-999.0,-999.0,-999.0,-999.0,-999.0,-999.0,-999.0,-999.0,-999.0,-999.0,-999.0,-999.0
06SN20201204,SO279,5,1,5,2020,12,18,11:50:00,31.139166666666668,-34.07083333333333,3969.9112608695655,3905.993260869565,2.500921739130434,34.914878260869564,-999.0,-999.0,-999.0,-999.0,-999.0,-999.0,-999.0,-999.0,-999.0,-999.0,-999.0,-999.0,-999.0,-999.0,-999.0,-999.0,-999.0
06SN20201204,SO279,5,1,6,2020,12,18,11:50:00,31.139166666666668,-34.07083333333333,3497.502586569807,3444.717394136816,2.6023809696818017,34.92832689175654,-999.0,-999.0,-999.0,-999.0,-999.0,-999.0,-999.0,-999.0,-999.0,-999.0,-999.0,-999.0,-999.0,-999.0,-999.0,-999.0,-999.0
06SN20201204,SO279,5,1,7,2020,12,18,11:50:00,31.139166666666668,-34.07083333333333,2534.7846735534217,2501.992700111267,3.2666088019288053,34.99187429710672,2185.606465194189,2.0,2336.45118800791,2.0,34.027260772145326,2.0,1.291473177651362,2.0,19.13120879599198,2.0,0.0224624943747927,2.0,19.153671290366777,2.0,0.358423279806476,2.0,7.8293143892948915
06SN20201204,SO279,5,1,8,2020,12,18,11:50:00,31.139166666666668,-34.07083333333333,2029.3562051282056,2005.6347179487184,3.9950897435897432,35.06344871794872,-999.0,-999.0,-999.0,-999.0,-999.0,-999.0,-999.0,-999.0,-999.0,-999.0,-999.0,-999.0,-999.0,-999.0,-999.0,-999.0,-999.0
06SN20201204,SO279,5,1,9,2020,12,18,11:50:00,31.139166666666668,-34.07083333333333,2029.7685789473685,2006.0403684210523,3.9991394736842105,35.063769736842104,-999.0,-999.0,-999.0,-999.0,-999.0,-999.0,-999.0,-999.0,-999.0,-999.0,-999.0,-999.0,-999.0,-999.0,-999.0,-999.0,-999.0
06SN20201204,SO279,5,1,10,2020,12,18,11:50:00,31.139166666666668,-34.07083333333333,2029.8465581395355,2006.1169999999984,3.998140697674418,35.06361860465116,-999.0,-999.0,-999.0,-999.0,-999.0,-999.0,-999.0,-999.0,-999.0,-999.0,-999.0,-999.0,-999.0,-999.0,-999.0,-999.0,-999.0
06SN20201204,SO279,5,1,11,2020,12,18,11:50:00,31.139166666666668,-34.07083333333333,1526.3432712437864,1510.0728129417932,5.964102598135077,35.27102690066194,2177.2997395149787,2.0,2322.0291960703485,2.0,18.50331574117595,2.0,1.1498226964393952,3.0,17.369682518194146,2.0,0.0165992806121367,2.0,17.38628179880628,2.0,0.3124570468166915,2.0,7.82597463490763
06SN20201204,SO279,5,1,12,2020,12,18,11:50:00,31.139166666666668,-34.07083333333333,761.8288457377802,755.1306434443985,10.763956407759943,35.5653218736478,2187.216139207256,2.0,2339.4373106001085,2.0,11.718490325615626,2.0,1.1413986357853312,3.0,18.389458639518857,3.0,0.0292864636594858,3.0,18.41874510317834,2.0,0.2425895406460748,2.0,7.822091474165008
06SN20201204,SO279,5,1,13,2020,12,18,11:50:00,31.139166666666668,-34.07083333333333,401.3408612088748,398.1753842387134,15.224290558531006,36.06730668706962,2152.911695475968,2.0,2349.9076646870617,2.0,4.121025455885213,2.0,0.680066858616013,2.0,11.818062700331012,2.0,0.0112223046987164,2.0,11.82928500502973,2.0,0.1449141085008178,2.0,7.915851550926503
06SN20201204,SO279,5,1,14,2020,12,18,11:50:00,31.139166666666668,-34.07083333333333,306.4556470588236,304.11694117647056,16.64326078431373,36.28927549019608,-999.0,-999.0,-999.0,-999.0,-999.0,-999.0,-999.0,-999.0,-999.0,-999.0,-999.0,-999.0,-999.0,-999.0,-999.0,-999.0,-999.0
06SN20201204,SO279,5,1,15,2020,12,18,11:50:00,31.139166666666668,-34.07083333333333,218.09079054799653,216.46420871644,18.05890032180951,36.51645475358586,2137.234736693444,2.0,2374.8919366784485,2.0,2.0871422504247703,2.0,0.3540937018440266,2.0,6.334103590562297,2.0,0.0160962127282115,2.0,6.350199803290508,2.0,0.1546211949952446,2.0,7.997670321365981
06SN20201204,SO279,5,1,16,2020,12,18,11:50:00,31.139166666666668,-34.07083333333333,134.44473913043464,133.474,19.50023695652173,36.75367971014494,2121.8798684640883,2.0,2402.3888369067536,2.0,0.7598028591566828,2.0,0.0413116815170142,2.0,1.265525301355322,2.0,0.0326744490137982,2.0,1.29819975036912,2.0,0.1731258119387819,2.0,8.056909685643646
06SN20201204,SO279,5,1,17,2020,12,18,11:50:00,31.139166666666668,-34.07083333333333,106.380623169792,105.61892319547938,21.050553467762697,37.03549384793226,-999.0,-999.0,-999.0,-999.0,-999.0,-999.0,-999.0,-999.0,-999.0,-999.0,-999.0,-999.0,-999.0,-999.0,-999.0,-999.0,-999.0
06SN20201204,SO279,5,1,18,2020,12,18,11:50:00,31.139166666666668,-34.07083333333333,77.9118846153846,77.36001282051281,21.7003423076923,37.158535897435904,-999.0,-999.0,-999.0,-999.0,-999.0,-999.0,-999.0,-999.0,-999.0,-999.0,-999.0,-999.0,-999.0,-999.0,-999.0,-999.0,-999.0
06SN20201204,SO279,5,1,19,2020,12,18,11:50:00,31.139166666666668,-34.07083333333333,65.29747349505851,64.83671877807699,21.700028975741056,37.15782895327942,2119.499402113627,2.0,2427.46936145623,2.0,0.5192220261906031,2.0,0.012485840965185,2.0,0.0312020748133319,2.0,0.0248641533668739,2.0,0.0560662281802059,3.0,0.27448075187353,2.0,8.105384911460952
06SN20201204,SO279,5,1,20,2020,12,18,11:50:00,31.139166666666668,-34.07083333333333,53.20268333333332,52.82905000000001,21.69823333333333,37.15712666666667,2121.682976229911,2.0,2428.717966005718,2.0,0.510934240763408,2.0,0.0124858474580527,2.0,0.0146259801745249,2.0,0.0146259801745249,2.0,0.0292519603490499,2.0,0.1608857819197753,2.0,8.106448337948262
06SN20201204,SO279,5,1,21,2020,12,18,11:50:00,31.139166666666668,-34.07083333333333,40.189397115384594,39.90813653846142,21.69946377403838,37.15633076923052,-999.0,-999.0,-999.0,-999.0,-999.0,-999.0,-999.0,-999.0,-999.0,-999.0,-999.0,-999.0,-999.0,-999.0,-999.0,-999.0,-999.0
06SN20201204,SO279,5,1,22,2020,12,18,11:50:00,31.139166666666668,-34.07083333333333,28.73397959183671,28.53381632653062,21.70032551020408,37.15568265306122,-999.0,-999.0,-999.0,-999.0,-999.0,-999.0,-999.0,-999.0,-999.0,-999.0,-999.0,-999.0,-999.0,-999.0,-999.0,-999.0,-999.0
06SN20201204,SO279,5,1,23,2020,12,18,11:50:00,31.139166666666668,-34.07083333333333,20.737620108368468,20.593541842263715,21.69986074653812,37.15509876580391,2117.443841371045,2.0,2426.936834395993,2.0,0.5104474745726413,2.0,0.0062429331033387,2.0,0.0229140700142446,2.0,0.0199888695868942,2.0,0.0429029396011388,2.0,0.2881322420940123,2.0,8.107372222754055
06SN20201204,SO279,5,1,24,2020,12,18,11:50:00,31.139166666666668,-34.07083333333333,13.659785714285732,13.565149999999996,21.69973285714285,37.154625714285714,2112.875951000273,2.0,2427.9538522829944,2.0,0.5167855898504962,2.0,0.0158474511210264,2.0,0.0170636751365729,2.0,0.0151135408352503,2.0,0.0321772159718233,2.0,0.1847752250503189,2.0,8.111340741348094
06SN20201204,SO279,6,1,1,2020,12,20,06:36:00,33.44694444444444,-34.620555555555555,3611.4604891304352,3555.5689239130456,2.6738418478260866,34.930409239130434,2189.733456493557,2.0,2341.0719245039336,2.0,37.2176527998496,2.0,1.277978788096603,3.0,18.251119306963098,2.0,0.0434620222165064,2.0,18.294581329179604,2.0,0.8560553364666963,2.0,7.829190740904641
06SN20201204,SO279,6,1,2,2020,12,20,06:36:00,33.44694444444444,-34.620555555555555,3610.678662162162,3554.805486486487,2.6739729729729733,34.930454054054046,-999.0,-999.0,-999.0,-999.0,-999.0,-999.0,-999.0,-999.0,-999.0,-999.0,-999.0,-999.0,-999.0,-999.0,-999.0,-999.0,-999.0
06SN20201204,SO279,6,1,3,2020,12,20,06:36:00,33.44694444444444,-34.620555555555555,3324.316236179305,3274.949484315328,2.780295974268086,34.93846206582997,-999.0,-999.0,-999.0,-999.0,-999.0,-999.0,-999.0,-999.0,-999.0,-999.0,-999.0,-999.0,-999.0,-999.0,-999.0,-999.0,-999.0
06SN20201204,SO279,6,1,4,2020,12,20,06:36:00,33.44694444444444,-34.620555555555555,3046.941368421052,3003.670973684211,2.871150657894738,34.94486842105264,-999.0,-999.0,-999.0,-999.0,-999.0,-999.0,-999.0,-999.0,-999.0,-999.0,-999.0,-999.0,-999.0,-999.0,-999.0,-999.0,-999.0
06SN20201204,SO279,6,1,5,2020,12,20,06:36:00,33.44694444444444,-34.620555555555555,3048.9714400000016,3005.658220000001,2.871015,34.94498200000001,-999.0,-999.0,-999.0,-999.0,-999.0,-999.0,-999.0,-999.0,-999.0,-999.0,-999.0,-999.0,-999.0,-999.0,-999.0,-999.0,-999.0
06SN20201204,SO279,6,1,6,2020,12,20,06:36:00,33.44694444444444,-34.620555555555555,3049.430755555556,3006.107822222223,2.8709,34.94485555555556,-999.0,-999.0,-999.0,-999.0,-999.0,-999.0,-999.0,-999.0,-999.0,-999.0,-999.0,-999.0,-999.0,-999.0,-999.0,-999.0,-999.0
06SN20201204,SO279,6,1,7,2020,12,20,06:36:00,33.44694444444444,-34.620555555555555,2532.346345994545,2499.137411999572,3.2778245382634763,34.97762906234778,2178.382053067541,2.0,2330.2802367775075,2.0,29.83343721823161,2.0,1.227637102933746,3.0,17.987276327193527,3.0,0.0102547252035038,2.0,17.99753105239703,2.0,0.1977697003532883,2.0,7.827984303656667
06SN20201204,SO279,6,1,8,2020,12,20,06:36:00,33.44694444444444,-34.620555555555555,2027.0495586206896,2003.0035241379287,4.018198620689653,35.050652758620686,2171.2557834574877,2.0,2319.4604285786204,2.0,16.609803088055628,2.0,1.153350038040551,3.0,18.039527436651195,3.0,0.0224615164055314,3.0,18.061988953056726,2.0,0.2778391920597263,2.0,7.825405137155211
06SN20201204,SO279,6,1,9,2020,12,20,06:36:00,33.44694444444444,-34.620555555555555,2028.8202499999995,2004.7448181818183,4.018736363636363,35.050742045454555,-999.0,-999.0,-999.0,-999.0,-999.0,-999.0,-999.0,-999.0,-999.0,-999.0,-999.0,-999.0,-999.0,-999.0,-999.0,-999.0,-999.0
06SN20201204,SO279,6,1,10,2020,12,20,06:36:00,33.44694444444444,-34.620555555555555,2028.8398928571428,2004.764169642856,4.0193392857142864,35.050711160714286,-999.0,-999.0,-999.0,-999.0,-999.0,-999.0,-999.0,-999.0,-999.0,-999.0,-999.0,-999.0,-999.0,-999.0,-999.0,-999.0,-999.0
06SN20201204,SO279,6,1,11,2020,12,20,06:36:00,33.44694444444444,-34.620555555555555,1502.7723603763702,1486.560373514563,5.816748569437165,35.24965282453374,-999.0,-999.0,-999.0,-999.0,-999.0,-999.0,-999.0,-999.0,-999.0,-999.0,-999.0,-999.0,-999.0,-999.0,-999.0,-999.0,-999.0
06SN20201204,SO279,6,1,12,2020,12,20,06:36:00,33.44694444444444,-34.620555555555555,900.3382049520544,892.0202954057679,9.010254737369396,35.43974750250461,2191.649730332915,2.0,2342.9398671388244,2.0,11.976348841937584,2.0,1.1500887695282036,2.0,18.130983479548615,3.0,0.0161090532234425,2.0,18.147092532772056,2.0,0.3036312456054935,2.0,7.820782230085821
06SN20201204,SO279,6,1,13,2020,12,20,06:36:00,33.44694444444444,-34.620555555555555,670.4917521212681,664.6463461721792,11.721401677948377,35.584107064543815,2184.430689456787,2.0,2333.5872344294426,2.0,9.730780269712524,2.0,1.157287320399699,2.0,18.98566212635474,2.0,0.0034167065553765,2.0,18.98907883291012,2.0,0.1557041987378759,2.0,7.826614326706871
06SN20201204,SO279,6,1,14,2020,12,20,06:36:00,33.44694444444444,-34.620555555555555,391.7736987421381,388.6219810062894,16.312659477987395,36.22102030188687,2150.254358648098,2.0,2353.9770924102168,2.0,4.238621074593761,2.0,0.6308168795407151,2.0,11.444959920452924,2.0,0.0048787074983814,2.0,11.449838627951308,2.0,0.1424582589527368,2.0,7.932479319057453
06SN20201204,SO279,6,1,15,2020,12,20,06:36:00,33.44694444444444,-34.620555555555555,226.8976226523578,225.16135128401768,18.328601226523567,36.55238175546188,-999.0,-999.0,-999.0,-999.0,-999.0,-999.0,-999.0,-999.0,-999.0,-999.0,-999.0,-999.0,-999.0,-999.0,-999.0,-999.0,-999.0
06SN20201204,SO279,6,1,16,2020,12,20,06:36:00,33.44694444444444,-34.620555555555555,153.72732432432431,152.58278378378373,18.888574324324324,36.62652837837838,2119.0174807975554,2.0,2391.1234791185784,2.0,1.1085972531600712,2.0,0.0814499521679418,2.0,2.7624702340073224,2.0,0.0297511801332003,2.0,2.7922214141405224,2.0,0.3579896101273612,2.0,8.056398033609181
06SN20201204,SO279,6,1,17,2020,12,20,06:36:00,33.44694444444444,-34.620555555555555,114.22511057360056,113.3837646855564,19.619363389771934,36.68700785245338,-999.0,-999.0,-999.0,-999.0,-999.0,-999.0,-999.0,-999.0,-999.0,-999.0,-999.0,-999.0,-999.0,-999.0,-999.0,-999.0,-999.0
06SN20201204,SO279,6,1,18,2020,12,20,06:36:00,33.44694444444444,-34.620555555555555,78.34716279069765,77.77809302325579,20.93788372093023,36.82958023255814,-999.0,-999.0,-999.0,-999.0,-999.0,-999.0,-999.0,-999.0,-999.0,-999.0,-999.0,-999.0,-999.0,-999.0,-999.0,-999.0,-999.0
06SN20201204,SO279,6,1,19,2020,12,20,06:36:00,33.44694444444444,-34.620555555555555,64.8603251329788,64.39107480053183,21.56837885638293,36.94161574135639,2136.769332237714,2.0,2405.5487129101,2.0,0.6563237055353692,2.0,0.0102398200715027,2.0,0.3935016570334643,2.0,0.0760672348168778,2.0,0.4695688918503421,2.0,0.3398645042779735,2.0,8.088812661857943
06SN20201204,SO279,6,1,20,2020,12,20,06:36:00,33.44694444444444,-34.620555555555555,52.39386842105263,52.0165,21.878772368421053,36.97579736842104,2100.028130871201,2.0,2416.785110745296,2.0,0.5909689430223645,3.0,0.012677551582988,2.0,0.1131227679712776,2.0,0.0321814770952772,3.0,0.1453042450665549,2.0,0.446639894231424,2.0,8.12166877071639
06SN20201204,SO279,6,1,21,2020,12,20,06:36:00,33.44694444444444,-34.620555555555555,40.24780303030319,39.958883244206994,21.87480154486057,36.97351103683904,-999.0,-999.0,-999.0,-999.0,-999.0,-999.0,-999.0,-999.0,-999.0,-999.0,-999.0,-999.0,-999.0,-999.0,-999.0,-999.0,-999.0
06SN20201204,SO279,6,1,22,2020,12,20,06:36:00,33.44694444444444,-34.620555555555555,27.77200000000001,27.573641025641017,21.869534615384616,36.97111538461539,-999.0,-999.0,-999.0,-999.0,-999.0,-999.0,-999.0,-999.0,-999.0,-999.0,-999.0,-999.0,-999.0,-999.0,-999.0,-999.0,-999.0
06SN20201204,SO279,6,1,23,2020,12,20,06:36:00,33.44694444444444,-34.620555555555555,19.77103254437862,19.63012241124255,21.86752646079889,36.970696412722205,2097.218706867798,2.0,2417.6019692796544,2.0,0.5758555758598689,2.0,0.0102395995707512,2.0,0.0268179988757771,2.0,0.0043883998160362,2.0,0.0312063986918133,2.0,0.1877259921304399,2.0,8.124116432972121
06SN20201204,SO279,6,1,24,2020,12,20,06:36:00,33.44694444444444,-34.620555555555555,12.832730639730654,12.741538720538715,21.86612457912457,36.970698484848505,2095.700810760143,2.0,2416.543970021827,2.0,0.5938967741923094,2.0,0.0121899994702854,2.0,0.0121899994702854,2.0,0.0058511997457369,2.0,0.0180411992160225,2.0,0.1584699931137114,2.0,8.122189705228877
06SN20201204,SO279,7,1,1,2020,12,21,14:07:00,33.30222222222222,-33.952777777777776,3680.97948,3623.483466666665,2.647149333333334,34.92836533333333,2193.292482300166,2.0,2341.169209462896,2.0,37.909684189303405,2.0,1.423017129043284,2.0,21.585030926850443,2.0,0.0087900852171513,2.0,21.593821012067597,2.0,0.1679882952611152,2.0,7.828845266467912
06SN20201204,SO279,7,1,2,2020,12,21,14:07:00,33.30222222222222,-33.952777777777776,3681.137868852459,3623.638180327869,2.6470590163934418,34.928512295081966,-999.0,-999.0,-999.0,-999.0,-999.0,-999.0,-999.0,-999.0,-999.0,-999.0,-999.0,-999.0,-999.0,-999.0,-999.0,-999.0,-999.0
06SN20201204,SO279,7,1,3,2020,12,21,14:07:00,33.30222222222222,-33.952777777777776,3421.3687683060866,3369.866005563958,2.71180740486331,34.934130124330444,-999.0,-999.0,-999.0,-999.0,-999.0,-999.0,-999.0,-999.0,-999.0,-999.0,-999.0,-999.0,-999.0,-999.0,-999.0,-999.0,-999.0
06SN20201204,SO279,7,1,4,2020,12,21,14:07:00,33.30222222222222,-33.952777777777776,3150.9260333333327,3105.474933333334,2.797309999999998,34.940809999999985,-999.0,-999.0,-999.0,-999.0,-999.0,-999.0,-999.0,-999.0,-999.0,-999.0,-999.0,-999.0,-999.0,-999.0,-999.0,-999.0,-999.0
06SN20201204,SO279,7,1,5,2020,12,21,14:07:00,33.30222222222222,-33.952777777777776,3151.9439402985067,3106.470985074626,2.798294029850746,34.940869402985065,-999.0,-999.0,-999.0,-999.0,-999.0,-999.0,-999.0,-999.0,-999.0,-999.0,-999.0,-999.0,-999.0,-999.0,-999.0,-999.0,-999.0
06SN20201204,SO279,7,1,6,2020,12,21,14:07:00,33.30222222222222,-33.952777777777776,3146.552266599602,3101.1954869215288,2.800365744466801,34.94101509054332,-999.0,-999.0,-999.0,-999.0,-999.0,-999.0,-999.0,-999.0,-999.0,-999.0,-999.0,-999.0,-999.0,-999.0,-999.0,-999.0,-999.0
06SN20201204,SO279,7,1,7,2020,12,21,14:07:00,33.30222222222222,-33.952777777777776,3133.973047619046,3088.886968253967,2.8042468253968256,34.94132619047619,-999.0,-999.0,-999.0,-999.0,-999.0,-999.0,-999.0,-999.0,-999.0,-999.0,-999.0,-999.0,-999.0,-999.0,-999.0,-999.0,-999.0
06SN20201204,SO279,7,1,8,2020,12,21,14:07:00,33.30222222222222,-33.952777777777776,3077.1762765211893,3033.302144950627,2.859226298184133,34.94450643516999,-999.0,-999.0,-999.0,-999.0,-999.0,-999.0,-999.0,-999.0,-999.0,-999.0,-999.0,-999.0,-999.0,-999.0,-999.0,-999.0,-999.0
06SN20201204,SO279,7,1,9,2020,12,21,14:07:00,33.30222222222222,-33.952777777777776,2527.284105249463,2494.2164122611302,3.2732116997546306,34.97579551639549,2181.9220016156764,2.0,2331.616936319056,2.0,29.50093119670015,2.0,1.2540080994674327,3.0,18.61332816487544,3.0,0.0087897763981361,2.0,18.622117941273576,2.0,0.1640758260985425,2.0,7.82940076132451
06SN20201204,SO279,7,1,10,2020,12,21,14:07:00,33.30222222222222,-33.952777777777776,1534.8899676208614,1518.23903282066,5.74370374383696,35.23043557288975,2171.0771025944773,2.0,2317.4483778955146,2.0,16.473816657857313,2.0,1.2025075700403818,2.0,18.50777789894064,2.0,0.0082998898459953,2.0,18.516077788786635,2.0,0.1669742545488471,2.0,7.824677913960615
06SN20201204,SO279,7,1,11,2020,12,21,14:07:00,33.30222222222222,-33.952777777777776,908.8814900621064,900.4786052795043,9.113143190993805,35.4428774611802,2186.3790833922194,2.0,2335.553263081886,2.0,11.51306483298224,2.0,1.2320956386876056,2.0,19.67301360330792,2.0,0.0097630399262092,2.0,19.682776643234128,2.0,0.1801280866385603,2.0,7.816222289056846
06SN20201204,SO279,7,1,12,2020,12,21,14:07:00,33.30222222222222,-33.952777777777776,659.9744802309101,654.2476936063601,12.009237795447133,35.61483543731606,2180.217766721664,2.0,2333.4569145988653,2.0,9.53727523692734,2.0,1.150427724331512,2.0,18.85100533268207,2.0,0.0082975270740923,2.0,18.859302859756163,2.0,0.166438631309735,2.0,7.828296466760481
06SN20201204,SO279,7,1,13,2020,12,21,14:07:00,33.30222222222222,-33.952777777777776,394.1490521409827,390.98099519370777,16.45701124381004,36.24355387416256,2147.209578222355,2.0,2358.0322481803014,2.0,3.883874225648938,2.0,0.5854351301066105,2.0,10.70370562878253,2.0,0.0107329773852878,2.0,10.714438606167814,2.0,0.1692883251224948,2.0,7.943043839423938
06SN20201204,SO279,7,1,14,2020,12,21,14:07:00,33.30222222222222,-33.952777777777776,221.3752744073176,219.68706981519568,18.575549897330617,36.58396961918984,-999.0,-999.0,-999.0,-999.0,-999.0,-999.0,-999.0,-999.0,-999.0,-999.0,-999.0,-999.0,-999.0,-999.0,-999.0,-999.0,-999.0
06SN20201204,SO279,7,1,15,2020,12,21,14:07:00,33.30222222222222,-33.952777777777776,153.28782608695647,152.14876086956522,19.33215978260869,36.66941630434784,-999.0,-999.0,-999.0,-999.0,-999.0,-999.0,-999.0,-999.0,-999.0,-999.0,-999.0,-999.0,-999.0,-999.0,-999.0,-999.0,-999.0
06SN20201204,SO279,7,1,16,2020,12,21,14:07:00,33.30222222222222,-33.952777777777776,128.89910784082895,127.94791664704525,20.11592769013424,36.76315196609373,2122.660912668299,2.0,2394.2945172579985,2.0,0.8870806845250214,2.0,0.0360879442852399,2.0,1.7224678272360503,2.0,0.0258467709069961,2.0,1.7483145981430466,2.0,0.1833657709628411,2.0,8.064900942474974
06SN20201204,SO279,7,1,17,2020,12,21,14:07:00,33.30222222222222,-33.952777777777776,89.05194789795188,88.4036794825728,21.64649944304709,36.98587335609037,-999.0,-999.0,-999.0,-999.0,-999.0,-999.0,-999.0,-999.0,-999.0,-999.0,-999.0,-999.0,-999.0,-999.0,-999.0,-999.0,-999.0
06SN20201204,SO279,7,1,18,2020,12,21,14:07:00,33.30222222222222,-33.952777777777776,76.65453125,76.09899999999998,21.740371875,36.9941875,2096.777202379056,2.0,2418.5982930964383,2.0,0.5719448270739328,3.0,0.007313872468976,2.0,-0.0063386894731126,2.0,0.0121897874482934,2.0,0.0058510979751808,2.0,0.1808964457326761,2.0,8.12164010511988
06SN20201204,SO279,7,1,19,2020,12,21,14:07:00,33.30222222222222,-33.952777777777776,64.32941816224003,63.86493431442945,21.730829055994228,36.98110622756633,-999.0,-999.0,-999.0,-999.0,-999.0,-999.0,-999.0,-999.0,-999.0,-999.0,-999.0,-999.0,-999.0,-999.0,-999.0,-999.0,-999.0
06SN20201204,SO279,7,1,20,2020,12,21,14:07:00,33.30222222222222,-33.952777777777776,50.44726470588233,50.08479411764705,21.712582352941183,36.96788529411765,-999.0,-999.0,-999.0,-999.0,-999.0,-999.0,-999.0,-999.0,-999.0,-999.0,-999.0,-999.0,-999.0,-999.0,-999.0,-999.0,-999.0
06SN20201204,SO279,7,1,21,2020,12,21,14:07:00,33.30222222222222,-33.952777777777776,39.4582953216375,39.17563815789466,21.709251206140245,36.96565511695901,2097.593434173431,2.0,2414.9688300911,2.0,0.5617172733458669,2.0,0.0092644341958085,2.0,0.0292561079867639,2.0,0.0078016287964703,2.0,0.0370577367832342,3.0,0.1706606299227893,2.0,8.119382665278668
06SN20201204,SO279,7,1,22,2020,12,21,14:07:00,33.30222222222222,-33.952777777777776,27.07479545454544,26.88188636363636,21.72042045454546,36.96929318181819,2097.3668761649533,2.0,2415.628938522412,2.0,0.579269377619819,2.0,0.0019504019448478,2.0,0.0204792204209027,2.0,0.0160908160449949,2.0,0.0365700364658976,3.0,0.187238586705396,2.0,8.122660735019018
06SN20201204,SO279,7,1,23,2020,12,21,14:07:00,33.30222222222222,-33.952777777777776,20.42008607594938,20.27477763713077,21.744107763713075,36.97769898734177,-999.0,-999.0,-999.0,-999.0,-999.0,-999.0,-999.0,-999.0,-999.0,-999.0,-999.0,-999.0,-999.0,-999.0,-999.0,-999.0,-999.0
06SN20201204,SO279,7,1,24,2020,12,21,14:07:00,33.30222222222222,-33.952777777777776,12.171503448275864,12.085172413793092,21.76797724137932,36.985607586206896,2099.757007977707,2.0,2418.562967756336,2.0,0.5934026230292652,2.0,0.0078015135320199,2.0,0.0014627837872536,2.0,0.0082891081277711,2.0,0.0097518919150249,2.0,0.161393811193662,2.0,8.122768564882817
06SN20201204,SO279,9,1,1,2020,12,27,07:51:00,35.00055555555556,-21.26,5205.372396551729,5105.710965517241,2.473695689655172,34.910843965517245,2201.939540901306,2.0,2351.0985057004327,2.0,46.10508368645087,2.0,1.51630937969548,2.0,22.666505590520345,2.0,0.0122086101424756,2.0,22.678714200662824,2.0,0.2104764388562807,2.0,7.83011587357369
06SN20201204,SO279,9,1,2,2020,12,27,07:51:00,35.00055555555556,-21.26,5206.620214285714,5106.920714285713,2.473549107142857,34.91092321428572,-999.0,-999.0,-999.0,-999.0,-999.0,-999.0,-999.0,-999.0,-999.0,-999.0,-999.0,-999.0,-999.0,-999.0,-999.0,-999.0,-999.0
06SN20201204,SO279,9,1,3,2020,12,27,07:51:00,35.00055555555556,-21.26,5005.628506826871,4911.933291253797,2.4523452758055555,34.91125069048895,-999.0,-999.0,-999.0,-999.0,-999.0,-999.0,-999.0,-999.0,-999.0,-999.0,-999.0,-999.0,-999.0,-999.0,-999.0,-999.0,-999.0
06SN20201204,SO279,9,1,4,2020,12,27,07:51:00,35.00055555555556,-21.26,4792.595720930234,4705.16411627907,2.435163953488372,34.91227209302325,-999.0,-999.0,-999.0,-999.0,-999.0,-999.0,-999.0,-999.0,-999.0,-999.0,-999.0,-999.0,-999.0,-999.0,-999.0,-999.0,-999.0
06SN20201204,SO279,9,1,5,2020,12,27,07:51:00,35.00055555555556,-21.26,4794.554552325579,4707.066749999997,2.4354549418604643,34.91234593023255,-999.0,-999.0,-999.0,-999.0,-999.0,-999.0,-999.0,-999.0,-999.0,-999.0,-999.0,-999.0,-999.0,-999.0,-999.0,-999.0,-999.0
06SN20201204,SO279,9,1,6,2020,12,27,07:51:00,35.00055555555556,-21.26,4792.385069767442,4704.959674418606,2.435472093023256,34.912370930232555,-999.0,-999.0,-999.0,-999.0,-999.0,-999.0,-999.0,-999.0,-999.0,-999.0,-999.0,-999.0,-999.0,-999.0,-999.0,-999.0,-999.0
06SN20201204,SO279,9,1,7,2020,12,27,07:51:00,35.00055555555556,-21.26,4425.221424188076,4347.96651793502,2.448039086282159,34.917998308289064,-999.0,-999.0,-999.0,-999.0,-999.0,-999.0,-999.0,-999.0,-999.0,-999.0,-999.0,-999.0,-999.0,-999.0,-999.0,-999.0,-999.0
06SN20201204,SO279,9,1,8,2020,12,27,07:51:00,35.00055555555556,-21.26,3499.9646106963783,3445.934337364944,2.6369024788182607,34.94457664020872,2195.320766178053,2.0,2346.0093404695986,2.0,42.89265909659987,2.0,1.4806232410871614,2.0,22.242066873943585,2.0,0.0136733016986941,2.0,22.25574017564227,2.0,0.2173078305685312,2.0,7.831310648366079
06SN20201204,SO279,9,1,9,2020,12,27,07:51:00,35.00055555555556,-21.26,2529.493575082699,2495.9888357150053,3.2768592391118565,35.001860069574505,2186.4125993634725,2.0,2339.0602790712824,2.0,20.496386194328124,2.0,1.1192099194120186,2.0,17.512314720712574,2.0,0.0156259674612498,2.0,17.527940688173825,2.0,0.2114388722100366,2.0,7.849201340507813
06SN20201204,SO279,9,1,10,2020,12,27,07:51:00,35.00055555555556,-21.26,1525.847317174617,1509.0742952257715,6.515299432056475,35.437049928351584,2178.266891355683,2.0,2319.2847129106094,2.0,15.547708190892994,2.0,1.114943971993708,2.5,16.954568316674894,3.0,0.0156209313063916,2.0,16.970189247981285,2.0,0.2372428942158239,2.0,7.82518625551034
06SN20201204,SO279,9,1,11,2020,12,27,07:51:00,35.00055555555556,-21.26,879.0910020057678,870.8801603359643,10.108893236805802,35.7731609439638,2199.0292340966125,2.0,2361.4146271751915,2.0,10.598115869117493,2.0,1.1053938314400038,2.0,17.997178067113914,2.0,0.0122008149165562,2.0,18.009378882030475,2.0,0.1942369734715768,2.0,7.849108546534579
06SN20201204,SO279,9,1,12,2020,12,27,07:51:00,35.00055555555556,-21.26,636.265864464695,630.6848380156907,10.938370279676048,35.60038127689185,-999.0,-999.0,-999.0,-999.0,-999.0,-999.0,-999.0,-999.0,-999.0,-999.0,-999.0,-999.0,-999.0,-999.0,-999.0,-999.0,-999.0
06SN20201204,SO279,9,1,13,2020,12,27,07:51:00,35.00055555555556,-21.26,387.0594864517764,383.894169256454,12.681130152818792,35.71605773725442,2168.4303926859293,2.0,2335.9600761393244,2.0,5.272927175548874,2.0,0.7647794228142435,2.0,13.1359528813308,3.0,0.0146415971183326,2.0,13.150594478449133,2.0,0.2342655538933228,2.0,7.8730495087904036
06SN20201204,SO279,9,1,14,2020,12,27,07:51:00,35.00055555555556,-21.26,225.67382652671725,223.9147314885493,14.446322194656467,35.946384246183186,-999.0,-999.0,-999.0,-999.0,-999.0,-999.0,-999.0,-999.0,-999.0,-999.0,-999.0,-999.0,-999.0,-999.0,-999.0,-999.0,-999.0
06SN20201204,SO279,9,1,15,2020,12,27,07:51:00,35.00055555555556,-21.26,153.25516279069768,152.09206976744187,15.475517441860465,36.094472093023256,-999.0,-999.0,-999.0,-999.0,-999.0,-999.0,-999.0,-999.0,-999.0,-999.0,-999.0,-999.0,-999.0,-999.0,-999.0,-999.0,-999.0
06SN20201204,SO279,9,1,16,2020,12,27,07:51:00,35.00055555555556,-21.26,122.00220552147256,121.08413019768236,16.42409677914113,36.235891274710326,2139.8720239871145,2.0,2361.4060944637704,2.0,1.5953197825057228,2.0,0.2668623611714465,2.0,5.089411611957095,2.0,0.0214660765841748,2.0,5.11087768854127,2.0,0.2034398621727481,2.0,7.98348781811133
06SN20201204,SO279,9,1,17,2020,12,27,07:51:00,35.00055555555556,-21.26,86.06907966011669,85.429745087626,18.01576019649495,36.51670385023896,-999.0,-999.0,-999.0,-999.0,-999.0,-999.0,-999.0,-999.0,-999.0,-999.0,-999.0,-999.0,-999.0,-999.0,-999.0,-999.0,-999.0
06SN20201204,SO279,9,1,18,2020,12,27,07:51:00,35.00055555555556,-21.26,77.67699999999999,77.10162499999998,18.064341250000005,36.52956,2116.069400496947,2.0,2388.9403906840757,2.0,0.6272584448368566,2.0,0.0078041486138333,2.0,0.157546250141761,2.0,0.0248757237065938,2.0,0.1824219738483548,2.0,0.3053373145162303,2.0,8.059525118827427
06SN20201204,SO279,9,1,19,2020,12,27,07:51:00,35.00055555555556,-21.26,65.63468126148217,65.15016258420098,18.078528107777142,36.5279699632583,-999.0,-999.0,-999.0,-999.0,-999.0,-999.0,-999.0,-999.0,-999.0,-999.0,-999.0,-999.0,-999.0,-999.0,-999.0,-999.0,-999.0
06SN20201204,SO279,9,1,20,2020,12,27,07:51:00,35.00055555555556,-21.26,52.76179487179488,52.37407692307691,18.07892051282051,36.52283205128205,-999.0,-999.0,-999.0,-999.0,-999.0,-999.0,-999.0,-999.0,-999.0,-999.0,-999.0,-999.0,-999.0,-999.0,-999.0,-999.0,-999.0
06SN20201204,SO279,9,1,21,2020,12,27,07:51:00,35.00055555555556,-21.26,39.194966017405775,38.90805346042288,18.07793207625356,36.51887550766692,2113.770129443459,2.0,2392.006365691524,2.0,0.6272634079039778,2.0,0.0004877631476702,2.0,0.0858463139899689,2.0,0.0121940786917568,2.0,0.0980403926817258,2.0,0.2126647323842413,2.0,8.063921134318514
06SN20201204,SO279,9,1,22,2020,12,27,07:51:00,35.00055555555556,-21.26,27.357260869565213,27.157913043478263,18.074566304347822,36.51512826086957,-999.0,-999.0,-999.0,-999.0,-999.0,-999.0,-999.0,-999.0,-999.0,-999.0,-999.0,-999.0,-999.0,-999.0,-999.0,-999.0,-999.0
06SN20201204,SO279,9,1,23,2020,12,27,07:51:00,35.00055555555556,-21.26,18.83232184750731,18.69541055718479,18.073301301319653,36.51166924486832,2116.032954810406,2.0,2389.953979839656,2.0,0.616048143056614,2.0,0.0087797835114956,2.0,0.0990164473796457,2.0,0.0190228642749072,2.0,0.1180393116545531,2.0,0.2209578850393081,2.0,8.062567738989907
06SN20201204,SO279,9,1,24,2020,12,27,07:51:00,35.00055555555556,-21.26,12.730888157894745,12.638559210526324,18.06843125,36.50912993421051,2114.357964571879,2.0,2389.1039215677342,2.0,0.6272679348744384,2.0,0.0107308666930308,2.0,0.1112108002732285,2.0,0.0190229000467364,2.0,0.130233700319965,2.0,0.2233971338821872,2.0,8.058007135261867
